{
  "providers": {
    "awscloudformation": {
      "AuthRoleName": "amplify-amplify480ddb2983d04-staging-170806-authRole",
      "UnauthRoleArn": "arn:aws:iam::208712725278:role/amplify-amplify480ddb2983d04-staging-170806-unauthRole",
      "AuthRoleArn": "arn:aws:iam::208712725278:role/amplify-amplify480ddb2983d04-staging-170806-authRole",
      "Region": "ca-central-1",
      "DeploymentBucketName": "amplify-amplify480ddb2983d04-staging-170806-deployment",
      "UnauthRoleName": "amplify-amplify480ddb2983d04-staging-170806-unauthRole",
      "StackName": "amplify-amplify480ddb2983d04-staging-170806",
      "StackId": "arn:aws:cloudformation:ca-central-1:208712725278:stack/amplify-amplify480ddb2983d04-staging-170806/5cb74a30-879b-11ed-987e-02b5c8900b46",
      "AmplifyAppId": "d5p4gnfujzpzk"
    }
  },
  "function": {
    "strengthtoolsclient722cdde2": {
      "build": true,
      "providerPlugin": "awscloudformation",
      "service": "Lambda",
      "lastBuildTimeStamp": "2022-12-31T18:52:03.941Z",
      "lastBuildType": "PROD",
      "lastPackageTimeStamp": "2022-12-31T18:52:05.224Z",
      "distZipFilename": "strengthtoolsclient722cdde2-2f5954484e5277556a53-build.zip",
      "s3Bucket": {
        "deploymentBucketName": "amplify-amplify480ddb2983d04-staging-170806-deployment",
        "s3Key": "amplify-builds/strengthtoolsclient722cdde2-2f5954484e5277556a53-build.zip"
      },
      "providerMetadata": {
        "s3TemplateURL": "https://s3.amazonaws.com/amplify-amplify480ddb2983d04-staging-170806-deployment/amplify-cfn-templates/function/strengthtoolsclient722cdde2-cloudformation-template.json",
        "logicalId": "functionstrengthtoolsclient722cdde2"
      },
      "lastPushTimeStamp": "2022-12-31T18:53:41.329Z",
      "output": {
        "Region": "ca-central-1",
        "Arn": "arn:aws:lambda:ca-central-1:208712725278:function:strengthtoolsclient722cdde2-staging",
        "Name": "strengthtoolsclient722cdde2-staging",
        "LambdaExecutionRole": "strengthtoolsclientLambdaRole3f9207c8-staging"
      },
      "lastPushDirHash": "RlkQZLdlzIg5YhhaVXpyJjk/90Q="
    },
    "calculate": {
      "build": true,
      "providerPlugin": "awscloudformation",
      "service": "Lambda",
      "lastBuildTimeStamp": "2022-12-31T18:52:03.944Z",
      "lastBuildType": "PROD",
      "lastPackageTimeStamp": "2022-12-31T18:52:05.246Z",
      "distZipFilename": "calculate-425949466f6774362b4b-build.zip",
      "s3Bucket": {
        "deploymentBucketName": "amplify-amplify480ddb2983d04-staging-170806-deployment",
        "s3Key": "amplify-builds/calculate-425949466f6774362b4b-build.zip"
      },
      "providerMetadata": {
        "s3TemplateURL": "https://s3.amazonaws.com/amplify-amplify480ddb2983d04-staging-170806-deployment/amplify-cfn-templates/function/calculate-cloudformation-template.json",
        "logicalId": "functioncalculate"
      },
      "lastPushTimeStamp": "2022-12-31T18:53:41.329Z",
      "output": {
        "Region": "ca-central-1",
        "Arn": "arn:aws:lambda:ca-central-1:208712725278:function:calculate-staging",
        "Name": "calculate-staging",
        "LambdaExecutionRole": "strengthtoolsclientLambdaRole92b30270-staging"
      },
      "lastPushDirHash": "gClipElK3FPMUYLbLFKuoJYhlEo="
    }
  },
  "api": {
    "apie244579f": {
      "service": "API Gateway",
      "providerPlugin": "awscloudformation",
      "dependsOn": [
        {
          "category": "function",
          "resourceName": "strengthtoolsclient722cdde2",
          "attributes": [
            "Name",
            "Arn"
          ]
        },
        {
          "category": "function",
          "resourceName": "calculate",
          "attributes": [
            "Name",
            "Arn"
          ]
        }
      ],
      "providerMetadata": {
        "s3TemplateURL": "https://s3.amazonaws.com/amplify-amplify480ddb2983d04-staging-170806-deployment/amplify-cfn-templates/api/apie244579f-cloudformation-template.json",
        "logicalId": "apiapie244579f"
      },
      "lastPushTimeStamp": "2022-12-31T18:53:41.329Z",
      "output": {
        "ApiName": "apie244579f",
        "RootUrl": "https://ep7cms09yi.execute-api.ca-central-1.amazonaws.com/staging",
        "ApiId": "ep7cms09yi"
      },
      "lastPushDirHash": "Q4K5zwt/bi8aKP3edaQBRt0h2Wc="
    }
  }
}