{
  "function": {
    "strengthtoolsclient722cdde2": {
      "build": true,
      "providerPlugin": "awscloudformation",
      "service": "Lambda"
    },
    "calculate": {
      "build": true,
      "providerPlugin": "awscloudformation",
      "service": "Lambda"
    }
  },
  "api": {
    "apie244579f": {
      "service": "API Gateway",
      "providerPlugin": "awscloudformation",
      "dependsOn": [
        {
          "category": "function",
          "resourceName": "strengthtoolsclient722cdde2",
          "attributes": [
            "Name",
            "Arn"
          ]
        },
        {
          "category": "function",
          "resourceName": "calculate",
          "attributes": [
            "Name",
            "Arn"
          ]
        }
      ]
    }
  }
}